/staging/sn1/tkitapci/Oyster_OsHv/debarcoded_Merged/Plate_1-AACAC-1.fastq,22.4335847724
/staging/sn1/tkitapci/Oyster_OsHv/debarcoded_Merged/Plate_1-AACT-1.fastq,0.972446193093
/staging/sn1/tkitapci/Oyster_OsHv/debarcoded_Merged/Plate_1-AATCT-1.fastq,18.2294112637
/staging/sn1/tkitapci/Oyster_OsHv/debarcoded_Merged/Plate_1-ACCGT-1.fastq,40.2404286107
/staging/sn1/tkitapci/Oyster_OsHv/debarcoded_Merged/Plate_1-ACCTCGTC-1.fastq,23.3577488226
/staging/sn1/tkitapci/Oyster_OsHv/debarcoded_Merged/Plate_1-ACGCCTC-1.fastq,11.390274843
/staging/sn1/tkitapci/Oyster_OsHv/debarcoded_Merged/Plate_1-ACGTTC-1.fastq,13.4105364992
/staging/sn1/tkitapci/Oyster_OsHv/debarcoded_Merged/Plate_1-ACTCCGCC-1.fastq,1.43534784144
/staging/sn1/tkitapci/Oyster_OsHv/debarcoded_Merged/Plate_1-ACTCTGC-1.fastq,10.4222423469
/staging/sn1/tkitapci/Oyster_OsHv/debarcoded_Merged/Plate_1-ACTGCCT-1.fastq,34.8083211538
/staging/sn1/tkitapci/Oyster_OsHv/debarcoded_Merged/Plate_1-ACTTCCTGC-1.fastq,12.2119957221
/staging/sn1/tkitapci/Oyster_OsHv/debarcoded_Merged/Plate_1-ACTTGTTC-1.fastq,11.5054000392
/staging/sn1/tkitapci/Oyster_OsHv/debarcoded_Merged/Plate_1-AGACC-1.fastq,18.9617987049
/staging/sn1/tkitapci/Oyster_OsHv/debarcoded_Merged/Plate_1-AGCTCC-1.fastq,11.0799749608
/staging/sn1/tkitapci/Oyster_OsHv/debarcoded_Merged/Plate_1-AGTGCT-1.fastq,15.6516819466
/staging/sn1/tkitapci/Oyster_OsHv/debarcoded_Merged/Plate_1-ATAC-1.fastq,54.413738383
/staging/sn1/tkitapci/Oyster_OsHv/debarcoded_Merged/Plate_1-ATCCTCGC-1.fastq,6.12172621664
/staging/sn1/tkitapci/Oyster_OsHv/debarcoded_Merged/Plate_1-ATCGTC-1.fastq,0.031064678179
/staging/sn1/tkitapci/Oyster_OsHv/debarcoded_Merged/Plate_1-ATCTGCC-1.fastq,13.5681708399
/staging/sn1/tkitapci/Oyster_OsHv/debarcoded_Merged/Plate_1-ATCTGCGCC-1.fastq,7.10002951334
/staging/sn1/tkitapci/Oyster_OsHv/debarcoded_Merged/Plate_1-ATCTGT-1.fastq,0.1619788854
/staging/sn1/tkitapci/Oyster_OsHv/debarcoded_Merged/Plate_1-ATCTTCCGC-1.fastq,14.5874092229
/staging/sn1/tkitapci/Oyster_OsHv/debarcoded_Merged/Plate_1-ATCTTGCC-1.fastq,7.67675604396
/staging/sn1/tkitapci/Oyster_OsHv/debarcoded_Merged/Plate_1-ATCTTGTCC-1.fastq,10.9473529827
/staging/sn1/tkitapci/Oyster_OsHv/debarcoded_Merged/Plate_1-ATGCCT-1.fastq,10.7063031397
/staging/sn1/tkitapci/Oyster_OsHv/debarcoded_Merged/Plate_1-ATGTCCGGC-1.fastq,13.9906729984
/staging/sn1/tkitapci/Oyster_OsHv/debarcoded_Merged/Plate_1-ATTCGCGGC-1.fastq,1.96419583987
/staging/sn1/tkitapci/Oyster_OsHv/debarcoded_Merged/Plate_1-ATTCGTC-1.fastq,3.70926373626
/staging/sn1/tkitapci/Oyster_OsHv/debarcoded_Merged/Plate_1-CAATC-1.fastq,6.14389277865
/staging/sn1/tkitapci/Oyster_OsHv/debarcoded_Merged/Plate_1-CACGCT-1.fastq,11.1231049843
/staging/sn1/tkitapci/Oyster_OsHv/debarcoded_Merged/Plate_1-CAGC-1.fastq,15.2081983124
/staging/sn1/tkitapci/Oyster_OsHv/debarcoded_Merged/Plate_1-CAGTCC-1.fastq,8.01199489796
/staging/sn1/tkitapci/Oyster_OsHv/debarcoded_Merged/Plate_1-CATGTGGC-1.fastq,51.271174843
/staging/sn1/tkitapci/Oyster_OsHv/debarcoded_Merged/Plate_1-CCACT-1.fastq,8.58188979592
/staging/sn1/tkitapci/Oyster_OsHv/debarcoded_Merged/Plate_1-CCATCGC-1.fastq,0.0896927786499
/staging/sn1/tkitapci/Oyster_OsHv/debarcoded_Merged/Plate_1-CCTAGGCC-1.fastq,2.68063712716
/staging/sn1/tkitapci/Oyster_OsHv/debarcoded_Merged/Plate_1-CCTAGT-1.fastq,19.8025446625
/staging/sn1/tkitapci/Oyster_OsHv/debarcoded_Merged/Plate_1-CCTCACGC-1.fastq,3.22552484301
/staging/sn1/tkitapci/Oyster_OsHv/debarcoded_Merged/Plate_1-CCTCACTGC-1.fastq,5.47637923862
/staging/sn1/tkitapci/Oyster_OsHv/debarcoded_Merged/Plate_1-CCTCTAGGC-1.fastq,41.7602662873
/staging/sn1/tkitapci/Oyster_OsHv/debarcoded_Merged/Plate_1-CGAGGT-1.fastq,37.4745632653
/staging/sn1/tkitapci/Oyster_OsHv/debarcoded_Merged/Plate_1-CGGAAGTC-1.fastq,24.0233361852
/staging/sn1/tkitapci/Oyster_OsHv/debarcoded_Merged/Plate_1-CGGAATCGC-1.fastq,4.52101142072
/staging/sn1/tkitapci/Oyster_OsHv/debarcoded_Merged/Plate_1-CGGACATCC-1.fastq,2.91714014914
/staging/sn1/tkitapci/Oyster_OsHv/debarcoded_Merged/Plate_1-CGTATC-1.fastq,0.0265667189953
/staging/sn1/tkitapci/Oyster_OsHv/debarcoded_Merged/Plate_1-CTAGCC-1.fastq,10.9237508242
/staging/sn1/tkitapci/Oyster_OsHv/debarcoded_Merged/Plate_1-CTCAT-1.fastq,13.6150941523
/staging/sn1/tkitapci/Oyster_OsHv/debarcoded_Merged/Plate_1-CTGACGC-1.fastq,27.3395360283
/staging/sn1/tkitapci/Oyster_OsHv/debarcoded_Merged/Plate_1-GAACCT-1.fastq,0.106557456829
/staging/sn1/tkitapci/Oyster_OsHv/debarcoded_Merged/Plate_1-GACCTC-1.fastq,13.3047496468
/staging/sn1/tkitapci/Oyster_OsHv/debarcoded_Merged/Plate_1-GACCTTC-1.fastq,11.3463875981
/staging/sn1/tkitapci/Oyster_OsHv/debarcoded_Merged/Plate_1-GACCTTGC-1.fastq,58.661911303
/staging/sn1/tkitapci/Oyster_OsHv/debarcoded_Merged/Plate_1-GAGAAGTGC-1.fastq,29.8109430141
/staging/sn1/tkitapci/Oyster_OsHv/debarcoded_Merged/Plate_1-GAGAATGCC-1.fastq,37.5328119702
/staging/sn1/tkitapci/Oyster_OsHv/debarcoded_Merged/Plate_1-GAGGTGGCC-1.fastq,16.9204086342
/staging/sn1/tkitapci/Oyster_OsHv/debarcoded_Merged/Plate_1-GAGGTTCC-1.fastq,7.32923186813
/staging/sn1/tkitapci/Oyster_OsHv/debarcoded_Merged/Plate_1-GCCACCT-1.fastq,11.4100235479
/staging/sn1/tkitapci/Oyster_OsHv/debarcoded_Merged/Plate_1-GCGT-1.fastq,71.0385550628
/staging/sn1/tkitapci/Oyster_OsHv/debarcoded_Merged/Plate_1-GGAACGTC-1.fastq,2.46559968603
/staging/sn1/tkitapci/Oyster_OsHv/debarcoded_Merged/Plate_1-GGAACGTGC-1.fastq,8.45095086342
/staging/sn1/tkitapci/Oyster_OsHv/debarcoded_Merged/Plate_1-GGATGC-1.fastq,64.5577129121
/staging/sn1/tkitapci/Oyster_OsHv/debarcoded_Merged/Plate_1-GGATGTC-1.fastq,45.5853036892
/staging/sn1/tkitapci/Oyster_OsHv/debarcoded_Merged/Plate_1-GGCAGT-1.fastq,30.6844436421
/staging/sn1/tkitapci/Oyster_OsHv/debarcoded_Merged/Plate_1-GGCTT-1.fastq,40.6087901099
/staging/sn1/tkitapci/Oyster_OsHv/debarcoded_Merged/Plate_1-GGTC-1.fastq,21.9218487049
/staging/sn1/tkitapci/Oyster_OsHv/debarcoded_Merged/Plate_1-GGTGC-1.fastq,20.3989453689
/staging/sn1/tkitapci/Oyster_OsHv/debarcoded_Merged/Plate_1-GTAGCGC-1.fastq,6.86286919152
/staging/sn1/tkitapci/Oyster_OsHv/debarcoded_Merged/Plate_1-GTAGCTGC-1.fastq,5.69449713501
/staging/sn1/tkitapci/Oyster_OsHv/debarcoded_Merged/Plate_1-GTGAATGC-1.fastq,12.8040580455
/staging/sn1/tkitapci/Oyster_OsHv/debarcoded_Merged/Plate_1-GTGAC-1.fastq,86.8917286499
/staging/sn1/tkitapci/Oyster_OsHv/debarcoded_Merged/Plate_1-GTGAGC-1.fastq,5.22558320251
/staging/sn1/tkitapci/Oyster_OsHv/debarcoded_Merged/Plate_1-GTGGATC-1.fastq,0.00833469387755
/staging/sn1/tkitapci/Oyster_OsHv/debarcoded_Merged/Plate_1-TAAGAAGCC-1.fastq,31.2092217818
/staging/sn1/tkitapci/Oyster_OsHv/debarcoded_Merged/Plate_1-TACCTGT-1.fastq,65.0577304553
/staging/sn1/tkitapci/Oyster_OsHv/debarcoded_Merged/Plate_1-TAGAACC-1.fastq,7.45047735479
/staging/sn1/tkitapci/Oyster_OsHv/debarcoded_Merged/Plate_1-TAGGT-1.fastq,37.6446567896
/staging/sn1/tkitapci/Oyster_OsHv/debarcoded_Merged/Plate_1-TATCGT-1.fastq,15.4557574176
/staging/sn1/tkitapci/Oyster_OsHv/debarcoded_Merged/Plate_1-TATTGTCC-1.fastq,3.01923967818
/staging/sn1/tkitapci/Oyster_OsHv/debarcoded_Merged/Plate_1-TCAGTT-1.fastq,19.7247163265
/staging/sn1/tkitapci/Oyster_OsHv/debarcoded_Merged/Plate_1-TCATGCC-1.fastq,0.0301974882261
/staging/sn1/tkitapci/Oyster_OsHv/debarcoded_Merged/Plate_1-TCGCC-1.fastq,17.7241941523
/staging/sn1/tkitapci/Oyster_OsHv/debarcoded_Merged/Plate_1-TGAACC-1.fastq,6.67239956829
/staging/sn1/tkitapci/Oyster_OsHv/debarcoded_Merged/Plate_1-TGAACGC-1.fastq,10.4136456044
/staging/sn1/tkitapci/Oyster_OsHv/debarcoded_Merged/Plate_1-TGAGAACGC-1.fastq,32.4451337912
/staging/sn1/tkitapci/Oyster_OsHv/debarcoded_Merged/Plate_1-TGAGACGC-1.fastq,10.4658556907
/staging/sn1/tkitapci/Oyster_OsHv/debarcoded_Merged/Plate_1-TGAGACT-1.fastq,37.6522373626
/staging/sn1/tkitapci/Oyster_OsHv/debarcoded_Merged/Plate_1-TGAGGTTC-1.fastq,22.9880195447
/staging/sn1/tkitapci/Oyster_OsHv/debarcoded_Merged/Plate_1-TGAGGTTGC-1.fastq,3.94791389325
/staging/sn1/tkitapci/Oyster_OsHv/debarcoded_Merged/Plate_1-TGAT-1.fastq,0.414338814757
/staging/sn1/tkitapci/Oyster_OsHv/debarcoded_Merged/Plate_1-TGGAGTC-1.fastq,0.273433281005
/staging/sn1/tkitapci/Oyster_OsHv/debarcoded_Merged/Plate_1-TGGAGTGC-1.fastq,37.766894427
/staging/sn1/tkitapci/Oyster_OsHv/debarcoded_Merged/Plate_1-TGGTATCC-1.fastq,5.43115294349
/staging/sn1/tkitapci/Oyster_OsHv/debarcoded_Merged/Plate_1-TGTAT-1.fastq,58.1528036107
/staging/sn1/tkitapci/Oyster_OsHv/debarcoded_Merged/Plate_1-TTAGC-1.fastq,68.5708187598
/staging/sn1/tkitapci/Oyster_OsHv/debarcoded_Merged/Plate_1-TTAGGCCGC-1.fastq,50.2766118917
/staging/sn1/tkitapci/Oyster_OsHv/debarcoded_Merged/Plate_1-TTGTAGC-1.fastq,13.4716752355
/staging/sn1/tkitapci/Oyster_OsHv/debarcoded_Merged/Plate_2-AACAC-2.fastq,89.8384333203
/staging/sn1/tkitapci/Oyster_OsHv/debarcoded_Merged/Plate_2-AACT-2.fastq,5.99230188383
/staging/sn1/tkitapci/Oyster_OsHv/debarcoded_Merged/Plate_2-AATCT-2.fastq,70.8048661695
/staging/sn1/tkitapci/Oyster_OsHv/debarcoded_Merged/Plate_2-ACCGT-2.fastq,15.1596963893
/staging/sn1/tkitapci/Oyster_OsHv/debarcoded_Merged/Plate_2-ACCTCGTC-2.fastq,16.4722008634
/staging/sn1/tkitapci/Oyster_OsHv/debarcoded_Merged/Plate_2-ACGCCTC-2.fastq,28.6291573783
/staging/sn1/tkitapci/Oyster_OsHv/debarcoded_Merged/Plate_2-ACGTTC-2.fastq,33.496938697
/staging/sn1/tkitapci/Oyster_OsHv/debarcoded_Merged/Plate_2-ACTCCGCC-2.fastq,4.1049983124
/staging/sn1/tkitapci/Oyster_OsHv/debarcoded_Merged/Plate_2-ACTCTGC-2.fastq,12.1281771586
/staging/sn1/tkitapci/Oyster_OsHv/debarcoded_Merged/Plate_2-ACTGCCT-2.fastq,29.4752218603
/staging/sn1/tkitapci/Oyster_OsHv/debarcoded_Merged/Plate_2-ACTTCCTGC-2.fastq,15.9049157771
/staging/sn1/tkitapci/Oyster_OsHv/debarcoded_Merged/Plate_2-ACTTGTTC-2.fastq,11.448188697
/staging/sn1/tkitapci/Oyster_OsHv/debarcoded_Merged/Plate_2-AGACC-2.fastq,40.7975950157
/staging/sn1/tkitapci/Oyster_OsHv/debarcoded_Merged/Plate_2-AGCTCC-2.fastq,26.2451541601
/staging/sn1/tkitapci/Oyster_OsHv/debarcoded_Merged/Plate_2-AGTGCT-2.fastq,23.7516483516
/staging/sn1/tkitapci/Oyster_OsHv/debarcoded_Merged/Plate_2-ATAC-2.fastq,29.9008182104
/staging/sn1/tkitapci/Oyster_OsHv/debarcoded_Merged/Plate_2-ATCCTCGC-2.fastq,3.30762955259
/staging/sn1/tkitapci/Oyster_OsHv/debarcoded_Merged/Plate_2-ATCGTC-2.fastq,5.02737189953
/staging/sn1/tkitapci/Oyster_OsHv/debarcoded_Merged/Plate_2-ATCTGCC-2.fastq,3.28239952904
/staging/sn1/tkitapci/Oyster_OsHv/debarcoded_Merged/Plate_2-ATCTGCGCC-2.fastq,16.0527237049
/staging/sn1/tkitapci/Oyster_OsHv/debarcoded_Merged/Plate_2-ATCTGT-2.fastq,31.8422099294
/staging/sn1/tkitapci/Oyster_OsHv/debarcoded_Merged/Plate_2-ATCTTCCGC-2.fastq,7.38892672684
/staging/sn1/tkitapci/Oyster_OsHv/debarcoded_Merged/Plate_2-ATCTTGCC-2.fastq,5.74314038462
/staging/sn1/tkitapci/Oyster_OsHv/debarcoded_Merged/Plate_2-ATCTTGTCC-2.fastq,21.4989122057
/staging/sn1/tkitapci/Oyster_OsHv/debarcoded_Merged/Plate_2-ATGCCT-2.fastq,16.6075630691
/staging/sn1/tkitapci/Oyster_OsHv/debarcoded_Merged/Plate_2-ATGTCCGGC-2.fastq,19.3498490973
/staging/sn1/tkitapci/Oyster_OsHv/debarcoded_Merged/Plate_2-ATTCGCGGC-2.fastq,5.54734960754
/staging/sn1/tkitapci/Oyster_OsHv/debarcoded_Merged/Plate_2-ATTCGTC-2.fastq,2.18087260597
/staging/sn1/tkitapci/Oyster_OsHv/debarcoded_Merged/Plate_2-CACGCT-2.fastq,32.0424627159
/staging/sn1/tkitapci/Oyster_OsHv/debarcoded_Merged/Plate_2-CAGC-2.fastq,48.8150773155
/staging/sn1/tkitapci/Oyster_OsHv/debarcoded_Merged/Plate_2-CAGTCC-2.fastq,12.1998892857
/staging/sn1/tkitapci/Oyster_OsHv/debarcoded_Merged/Plate_2-CATGTGGC-2.fastq,64.3122121272
/staging/sn1/tkitapci/Oyster_OsHv/debarcoded_Merged/Plate_2-CCACT-2.fastq,17.4175127943
/staging/sn1/tkitapci/Oyster_OsHv/debarcoded_Merged/Plate_2-CCATCGC-2.fastq,5.52021134223
/staging/sn1/tkitapci/Oyster_OsHv/debarcoded_Merged/Plate_2-CCTAGGCC-2.fastq,16.9732835557
/staging/sn1/tkitapci/Oyster_OsHv/debarcoded_Merged/Plate_2-CCTAGT-2.fastq,30.9069712716
/staging/sn1/tkitapci/Oyster_OsHv/debarcoded_Merged/Plate_2-CCTCACGC-2.fastq,8.00946122449
/staging/sn1/tkitapci/Oyster_OsHv/debarcoded_Merged/Plate_2-CCTCACTGC-2.fastq,8.71014187598
/staging/sn1/tkitapci/Oyster_OsHv/debarcoded_Merged/Plate_2-CCTCTAGGC-2.fastq,37.4055325353
/staging/sn1/tkitapci/Oyster_OsHv/debarcoded_Merged/Plate_2-CGAGGT-2.fastq,121.252095918
/staging/sn1/tkitapci/Oyster_OsHv/debarcoded_Merged/Plate_2-CGGAATCGC-2.fastq,1.26036487441
/staging/sn1/tkitapci/Oyster_OsHv/debarcoded_Merged/Plate_2-CGGACATCC-2.fastq,7.55954395604
/staging/sn1/tkitapci/Oyster_OsHv/debarcoded_Merged/Plate_2-CGTATC-2.fastq,12.2318701334
/staging/sn1/tkitapci/Oyster_OsHv/debarcoded_Merged/Plate_2-CTAGCC-2.fastq,21.4507064757
/staging/sn1/tkitapci/Oyster_OsHv/debarcoded_Merged/Plate_2-CTCAT-2.fastq,86.4142459184
/staging/sn1/tkitapci/Oyster_OsHv/debarcoded_Merged/Plate_2-CTGACGC-2.fastq,30.0990439953
/staging/sn1/tkitapci/Oyster_OsHv/debarcoded_Merged/Plate_2-GAACCT-2.fastq,1.09604921507
/staging/sn1/tkitapci/Oyster_OsHv/debarcoded_Merged/Plate_2-GACCTC-2.fastq,21.5736419152
/staging/sn1/tkitapci/Oyster_OsHv/debarcoded_Merged/Plate_2-GACCTTC-2.fastq,45.752266719
/staging/sn1/tkitapci/Oyster_OsHv/debarcoded_Merged/Plate_2-GACCTTGC-2.fastq,103.441124686
/staging/sn1/tkitapci/Oyster_OsHv/debarcoded_Merged/Plate_2-GAGAAGTGC-2.fastq,43.0736855965
/staging/sn1/tkitapci/Oyster_OsHv/debarcoded_Merged/Plate_2-GAGAATGCC-2.fastq,31.0281992936
/staging/sn1/tkitapci/Oyster_OsHv/debarcoded_Merged/Plate_2-GAGGTGGCC-2.fastq,15.6884375981
/staging/sn1/tkitapci/Oyster_OsHv/debarcoded_Merged/Plate_2-GAGGTTCC-2.fastq,15.5764422292
/staging/sn1/tkitapci/Oyster_OsHv/debarcoded_Merged/Plate_2-GCCACCT-2.fastq,17.4232922292
/staging/sn1/tkitapci/Oyster_OsHv/debarcoded_Merged/Plate_2-GCGT-2.fastq,87.6112566327
/staging/sn1/tkitapci/Oyster_OsHv/debarcoded_Merged/Plate_2-GGAACGTC-2.fastq,5.28136244113
/staging/sn1/tkitapci/Oyster_OsHv/debarcoded_Merged/Plate_2-GGAACGTGC-2.fastq,6.18520863422
/staging/sn1/tkitapci/Oyster_OsHv/debarcoded_Merged/Plate_2-GGATGC-2.fastq,0.644434105181
/staging/sn1/tkitapci/Oyster_OsHv/debarcoded_Merged/Plate_2-GGATGTC-2.fastq,52.6403937991
/staging/sn1/tkitapci/Oyster_OsHv/debarcoded_Merged/Plate_2-GGCAGT-2.fastq,66.0596591444
/staging/sn1/tkitapci/Oyster_OsHv/debarcoded_Merged/Plate_2-GGCTT-2.fastq,62.2745370094
/staging/sn1/tkitapci/Oyster_OsHv/debarcoded_Merged/Plate_2-GGTC-2.fastq,16.2565287677
/staging/sn1/tkitapci/Oyster_OsHv/debarcoded_Merged/Plate_2-GGTGC-2.fastq,11.6708389325
/staging/sn1/tkitapci/Oyster_OsHv/debarcoded_Merged/Plate_2-GTAGCGC-2.fastq,14.4004952904
/staging/sn1/tkitapci/Oyster_OsHv/debarcoded_Merged/Plate_2-GTAGCTGC-2.fastq,6.5900683281
/staging/sn1/tkitapci/Oyster_OsHv/debarcoded_Merged/Plate_2-GTGAATGC-2.fastq,25.0429934458
/staging/sn1/tkitapci/Oyster_OsHv/debarcoded_Merged/Plate_2-GTGAC-2.fastq,6.38588736264
/staging/sn1/tkitapci/Oyster_OsHv/debarcoded_Merged/Plate_2-GTGAGC-2.fastq,9.0385205259
/staging/sn1/tkitapci/Oyster_OsHv/debarcoded_Merged/Plate_2-GTGGATC-2.fastq,6.83866063579
/staging/sn1/tkitapci/Oyster_OsHv/debarcoded_Merged/Plate_2-TAAGAAGCC-2.fastq,0.369479356358
/staging/sn1/tkitapci/Oyster_OsHv/debarcoded_Merged/Plate_2-TAGAACC-2.fastq,26.8973317111
/staging/sn1/tkitapci/Oyster_OsHv/debarcoded_Merged/Plate_2-TAGGT-2.fastq,62.80204427
/staging/sn1/tkitapci/Oyster_OsHv/debarcoded_Merged/Plate_2-TATCGT-2.fastq,33.9490344584
/staging/sn1/tkitapci/Oyster_OsHv/debarcoded_Merged/Plate_2-TATTGTCC-2.fastq,1.64197802198
/staging/sn1/tkitapci/Oyster_OsHv/debarcoded_Merged/Plate_2-TCAGTT-2.fastq,22.4627122449
/staging/sn1/tkitapci/Oyster_OsHv/debarcoded_Merged/Plate_2-TCATGCC-2.fastq,19.7134050628
/staging/sn1/tkitapci/Oyster_OsHv/debarcoded_Merged/Plate_2-TCGCC-2.fastq,33.4101033752
/staging/sn1/tkitapci/Oyster_OsHv/debarcoded_Merged/Plate_2-TGAACC-2.fastq,4.24546118524
/staging/sn1/tkitapci/Oyster_OsHv/debarcoded_Merged/Plate_2-TGAACGC-2.fastq,1.38040576923
/staging/sn1/tkitapci/Oyster_OsHv/debarcoded_Merged/Plate_2-TGAGAACGC-2.fastq,39.8679842229
/staging/sn1/tkitapci/Oyster_OsHv/debarcoded_Merged/Plate_2-TGAGACGC-2.fastq,24.609611303
/staging/sn1/tkitapci/Oyster_OsHv/debarcoded_Merged/Plate_2-TGAGACT-2.fastq,54.5050985479
/staging/sn1/tkitapci/Oyster_OsHv/debarcoded_Merged/Plate_2-TGAGGTTC-2.fastq,18.9558638148
/staging/sn1/tkitapci/Oyster_OsHv/debarcoded_Merged/Plate_2-TGAGGTTGC-2.fastq,20.9734282182
/staging/sn1/tkitapci/Oyster_OsHv/debarcoded_Merged/Plate_2-TGAT-2.fastq,91.679089011
/staging/sn1/tkitapci/Oyster_OsHv/debarcoded_Merged/Plate_2-TGGAGTC-2.fastq,6.16472621664
/staging/sn1/tkitapci/Oyster_OsHv/debarcoded_Merged/Plate_2-TGGAGTGC-2.fastq,96.4485799451
/staging/sn1/tkitapci/Oyster_OsHv/debarcoded_Merged/Plate_2-TGGTATCC-2.fastq,4.10222664835
/staging/sn1/tkitapci/Oyster_OsHv/debarcoded_Merged/Plate_2-TGTAT-2.fastq,14.896366248
/staging/sn1/tkitapci/Oyster_OsHv/debarcoded_Merged/Plate_2-TTAGGCCGC-2.fastq,72.6819569859
/staging/sn1/tkitapci/Oyster_OsHv/debarcoded_Merged/Plate_2-TTGTAGC-2.fastq,13.7101648744
/staging/sn1/tkitapci/Oyster_OsHv/debarcoded_Merged/Plate_3-AACAC-3.fastq,14.938000471
/staging/sn1/tkitapci/Oyster_OsHv/debarcoded_Merged/Plate_3-AACT-3.fastq,14.7698089874
/staging/sn1/tkitapci/Oyster_OsHv/debarcoded_Merged/Plate_3-AATCT-3.fastq,3.55793269231
/staging/sn1/tkitapci/Oyster_OsHv/debarcoded_Merged/Plate_3-ACCGT-3.fastq,28.0615900314
/staging/sn1/tkitapci/Oyster_OsHv/debarcoded_Merged/Plate_3-ACCTCGTC-3.fastq,25.7120202904
/staging/sn1/tkitapci/Oyster_OsHv/debarcoded_Merged/Plate_3-ACGCCTC-3.fastq,6.62015502355
/staging/sn1/tkitapci/Oyster_OsHv/debarcoded_Merged/Plate_3-ACGTTC-3.fastq,16.3377331633
/staging/sn1/tkitapci/Oyster_OsHv/debarcoded_Merged/Plate_3-ACTCCGCC-3.fastq,3.36397197802
/staging/sn1/tkitapci/Oyster_OsHv/debarcoded_Merged/Plate_3-ACTCTGC-3.fastq,16.3443976452
/staging/sn1/tkitapci/Oyster_OsHv/debarcoded_Merged/Plate_3-ACTGCCT-3.fastq,38.121314325
/staging/sn1/tkitapci/Oyster_OsHv/debarcoded_Merged/Plate_3-ACTTCCTGC-3.fastq,1.635844427
/staging/sn1/tkitapci/Oyster_OsHv/debarcoded_Merged/Plate_3-ACTTGTTC-3.fastq,10.5710808477
/staging/sn1/tkitapci/Oyster_OsHv/debarcoded_Merged/Plate_3-AGACC-3.fastq,3.49155584772
/staging/sn1/tkitapci/Oyster_OsHv/debarcoded_Merged/Plate_3-AGCTCC-3.fastq,6.75263693093
/staging/sn1/tkitapci/Oyster_OsHv/debarcoded_Merged/Plate_3-AGTGCT-3.fastq,8.95876036107
/staging/sn1/tkitapci/Oyster_OsHv/debarcoded_Merged/Plate_3-ATAC-3.fastq,65.3925656986
/staging/sn1/tkitapci/Oyster_OsHv/debarcoded_Merged/Plate_3-ATCCTCGC-3.fastq,15.8180778257
/staging/sn1/tkitapci/Oyster_OsHv/debarcoded_Merged/Plate_3-ATCGTC-3.fastq,6.57118810832
/staging/sn1/tkitapci/Oyster_OsHv/debarcoded_Merged/Plate_3-ATCTGCC-3.fastq,5.26952103611
/staging/sn1/tkitapci/Oyster_OsHv/debarcoded_Merged/Plate_3-ATCTGCGCC-3.fastq,10.8238905024
/staging/sn1/tkitapci/Oyster_OsHv/debarcoded_Merged/Plate_3-ATCTGT-3.fastq,14.9825394819
/staging/sn1/tkitapci/Oyster_OsHv/debarcoded_Merged/Plate_3-ATCTTCCGC-3.fastq,35.1327071821
/staging/sn1/tkitapci/Oyster_OsHv/debarcoded_Merged/Plate_3-ATCTTGCC-3.fastq,13.7125735871
/staging/sn1/tkitapci/Oyster_OsHv/debarcoded_Merged/Plate_3-ATCTTGTCC-3.fastq,17.4597307692
/staging/sn1/tkitapci/Oyster_OsHv/debarcoded_Merged/Plate_3-ATGCCT-3.fastq,9.30606456044
/staging/sn1/tkitapci/Oyster_OsHv/debarcoded_Merged/Plate_3-ATGTCCGGC-3.fastq,12.618997449
/staging/sn1/tkitapci/Oyster_OsHv/debarcoded_Merged/Plate_3-ATTCGCGGC-3.fastq,8.02070812402
/staging/sn1/tkitapci/Oyster_OsHv/debarcoded_Merged/Plate_3-ATTCGTC-3.fastq,9.07052660911
/staging/sn1/tkitapci/Oyster_OsHv/debarcoded_Merged/Plate_3-CAATC-3.fastq,27.7813434458
/staging/sn1/tkitapci/Oyster_OsHv/debarcoded_Merged/Plate_3-CACGCT-3.fastq,14.3954072606
/staging/sn1/tkitapci/Oyster_OsHv/debarcoded_Merged/Plate_3-CAGC-3.fastq,33.1309849294
/staging/sn1/tkitapci/Oyster_OsHv/debarcoded_Merged/Plate_3-CAGTCC-3.fastq,12.3248850078
/staging/sn1/tkitapci/Oyster_OsHv/debarcoded_Merged/Plate_3-CATGTGGC-3.fastq,27.2030590659
/staging/sn1/tkitapci/Oyster_OsHv/debarcoded_Merged/Plate_3-CCACT-3.fastq,14.3268180926
/staging/sn1/tkitapci/Oyster_OsHv/debarcoded_Merged/Plate_3-CCATCGC-3.fastq,0.778543759812
/staging/sn1/tkitapci/Oyster_OsHv/debarcoded_Merged/Plate_3-CCTAGGCC-3.fastq,11.1114961146
/staging/sn1/tkitapci/Oyster_OsHv/debarcoded_Merged/Plate_3-CCTAGT-3.fastq,11.9373644819
/staging/sn1/tkitapci/Oyster_OsHv/debarcoded_Merged/Plate_3-CCTCACGC-3.fastq,9.14464988226
/staging/sn1/tkitapci/Oyster_OsHv/debarcoded_Merged/Plate_3-CCTCACTGC-3.fastq,11.0772817896
/staging/sn1/tkitapci/Oyster_OsHv/debarcoded_Merged/Plate_3-CCTCTAGGC-3.fastq,9.90097178179
/staging/sn1/tkitapci/Oyster_OsHv/debarcoded_Merged/Plate_3-CGAGGT-3.fastq,68.5155070644
/staging/sn1/tkitapci/Oyster_OsHv/debarcoded_Merged/Plate_3-CGGAAGTC-3.fastq,41.4031036499
/staging/sn1/tkitapci/Oyster_OsHv/debarcoded_Merged/Plate_3-CGGAATCGC-3.fastq,8.57248045526
/staging/sn1/tkitapci/Oyster_OsHv/debarcoded_Merged/Plate_3-CGGACATCC-3.fastq,2.96642629513
/staging/sn1/tkitapci/Oyster_OsHv/debarcoded_Merged/Plate_3-CGTATC-3.fastq,0.447312833595
/staging/sn1/tkitapci/Oyster_OsHv/debarcoded_Merged/Plate_3-CTAGCC-3.fastq,18.3469107535
/staging/sn1/tkitapci/Oyster_OsHv/debarcoded_Merged/Plate_3-CTCAT-3.fastq,43.4493188383
/staging/sn1/tkitapci/Oyster_OsHv/debarcoded_Merged/Plate_3-CTGACGC-3.fastq,9.3414144427
/staging/sn1/tkitapci/Oyster_OsHv/debarcoded_Merged/Plate_3-GAACCT-3.fastq,0.105465659341
/staging/sn1/tkitapci/Oyster_OsHv/debarcoded_Merged/Plate_3-GACCTC-3.fastq,13.9076964678
/staging/sn1/tkitapci/Oyster_OsHv/debarcoded_Merged/Plate_3-GACCTTC-3.fastq,27.3354542779
/staging/sn1/tkitapci/Oyster_OsHv/debarcoded_Merged/Plate_3-GACCTTGC-3.fastq,56.5495980769
/staging/sn1/tkitapci/Oyster_OsHv/debarcoded_Merged/Plate_3-GAGAAGTGC-3.fastq,39.9733315542
/staging/sn1/tkitapci/Oyster_OsHv/debarcoded_Merged/Plate_3-GAGAATGCC-3.fastq,34.89311354
/staging/sn1/tkitapci/Oyster_OsHv/debarcoded_Merged/Plate_3-GAGGTGGCC-3.fastq,34.5432321821
/staging/sn1/tkitapci/Oyster_OsHv/debarcoded_Merged/Plate_3-GAGGTTCC-3.fastq,9.31043441915
/staging/sn1/tkitapci/Oyster_OsHv/debarcoded_Merged/Plate_3-GCCACCT-3.fastq,19.7219603218
/staging/sn1/tkitapci/Oyster_OsHv/debarcoded_Merged/Plate_3-GCGT-3.fastq,175.781276962
/staging/sn1/tkitapci/Oyster_OsHv/debarcoded_Merged/Plate_3-GGAACGTC-3.fastq,8.01945576923
/staging/sn1/tkitapci/Oyster_OsHv/debarcoded_Merged/Plate_3-GGAACGTGC-3.fastq,28.6980510989
/staging/sn1/tkitapci/Oyster_OsHv/debarcoded_Merged/Plate_3-GGATGC-3.fastq,17.6411935636
/staging/sn1/tkitapci/Oyster_OsHv/debarcoded_Merged/Plate_3-GGATGTC-3.fastq,40.2844232732
/staging/sn1/tkitapci/Oyster_OsHv/debarcoded_Merged/Plate_3-GGCAGT-3.fastq,66.7448431711
/staging/sn1/tkitapci/Oyster_OsHv/debarcoded_Merged/Plate_3-GGCTT-3.fastq,36.2628060832
/staging/sn1/tkitapci/Oyster_OsHv/debarcoded_Merged/Plate_3-GGTC-3.fastq,12.5311036107
/staging/sn1/tkitapci/Oyster_OsHv/debarcoded_Merged/Plate_3-GGTGC-3.fastq,9.12769116954
/staging/sn1/tkitapci/Oyster_OsHv/debarcoded_Merged/Plate_3-GTAGCGC-3.fastq,3.79736652276
/staging/sn1/tkitapci/Oyster_OsHv/debarcoded_Merged/Plate_3-GTAGCTGC-3.fastq,6.4263433281
/staging/sn1/tkitapci/Oyster_OsHv/debarcoded_Merged/Plate_3-GTGAATGC-3.fastq,19.4164070251
/staging/sn1/tkitapci/Oyster_OsHv/debarcoded_Merged/Plate_3-GTGAC-3.fastq,33.5342463108
/staging/sn1/tkitapci/Oyster_OsHv/debarcoded_Merged/Plate_3-GTGAGC-3.fastq,5.02114415228
/staging/sn1/tkitapci/Oyster_OsHv/debarcoded_Merged/Plate_3-GTGGATC-3.fastq,2.64183265306
/staging/sn1/tkitapci/Oyster_OsHv/debarcoded_Merged/Plate_3-TAAGAAGCC-3.fastq,17.0425017268
/staging/sn1/tkitapci/Oyster_OsHv/debarcoded_Merged/Plate_3-TACCTGT-3.fastq,98.5148367347
/staging/sn1/tkitapci/Oyster_OsHv/debarcoded_Merged/Plate_3-TAGAACC-3.fastq,13.0608367347
/staging/sn1/tkitapci/Oyster_OsHv/debarcoded_Merged/Plate_3-TAGGT-3.fastq,9.93838677394
/staging/sn1/tkitapci/Oyster_OsHv/debarcoded_Merged/Plate_3-TATCGT-3.fastq,45.3520624411
/staging/sn1/tkitapci/Oyster_OsHv/debarcoded_Merged/Plate_3-TATTGTCC-3.fastq,14.7279282967
/staging/sn1/tkitapci/Oyster_OsHv/debarcoded_Merged/Plate_3-TCAGTT-3.fastq,15.6614436028
/staging/sn1/tkitapci/Oyster_OsHv/debarcoded_Merged/Plate_3-TCATGCC-3.fastq,6.28311636578
/staging/sn1/tkitapci/Oyster_OsHv/debarcoded_Merged/Plate_3-TCGCC-3.fastq,31.417130259
/staging/sn1/tkitapci/Oyster_OsHv/debarcoded_Merged/Plate_3-TGAACC-3.fastq,4.35626259812
/staging/sn1/tkitapci/Oyster_OsHv/debarcoded_Merged/Plate_3-TGAACGC-3.fastq,3.40326978022
/staging/sn1/tkitapci/Oyster_OsHv/debarcoded_Merged/Plate_3-TGAGAACGC-3.fastq,25.2311459184
/staging/sn1/tkitapci/Oyster_OsHv/debarcoded_Merged/Plate_3-TGAGACGC-3.fastq,11.7126379513
/staging/sn1/tkitapci/Oyster_OsHv/debarcoded_Merged/Plate_3-TGAGACT-3.fastq,32.5497147959
/staging/sn1/tkitapci/Oyster_OsHv/debarcoded_Merged/Plate_3-TGAGGTTC-3.fastq,23.7957784144
/staging/sn1/tkitapci/Oyster_OsHv/debarcoded_Merged/Plate_3-TGAGGTTGC-3.fastq,5.36691197017
/staging/sn1/tkitapci/Oyster_OsHv/debarcoded_Merged/Plate_3-TGAT-3.fastq,2.80973751962
/staging/sn1/tkitapci/Oyster_OsHv/debarcoded_Merged/Plate_3-TGGAGTC-3.fastq,3.17433441915
/staging/sn1/tkitapci/Oyster_OsHv/debarcoded_Merged/Plate_3-TGGAGTGC-3.fastq,35.1996527865
/staging/sn1/tkitapci/Oyster_OsHv/debarcoded_Merged/Plate_3-TGGTATCC-3.fastq,5.41090290424
/staging/sn1/tkitapci/Oyster_OsHv/debarcoded_Merged/Plate_3-TGTAT-3.fastq,36.949825471
/staging/sn1/tkitapci/Oyster_OsHv/debarcoded_Merged/Plate_3-TTAGC-3.fastq,111.060406868
/staging/sn1/tkitapci/Oyster_OsHv/debarcoded_Merged/Plate_3-TTAGGCCGC-3.fastq,34.486986146
/staging/sn1/tkitapci/Oyster_OsHv/debarcoded_Merged/Plate_3-TTGTAGC-3.fastq,28.6418954474
/staging/sn1/tkitapci/Oyster_OsHv/debarcoded_Merged/Plate_4-AACAC-4.fastq,11.9906762166
/staging/sn1/tkitapci/Oyster_OsHv/debarcoded_Merged/Plate_4-AACT-4.fastq,23.7251240188
/staging/sn1/tkitapci/Oyster_OsHv/debarcoded_Merged/Plate_4-AATCT-4.fastq,29.9743739403
/staging/sn1/tkitapci/Oyster_OsHv/debarcoded_Merged/Plate_4-ACCGT-4.fastq,365.958831083
/staging/sn1/tkitapci/Oyster_OsHv/debarcoded_Merged/Plate_4-ACCTCGTC-4.fastq,14.631739325
/staging/sn1/tkitapci/Oyster_OsHv/debarcoded_Merged/Plate_4-ACGCCTC-4.fastq,34.3783874019
/staging/sn1/tkitapci/Oyster_OsHv/debarcoded_Merged/Plate_4-ACGTTC-4.fastq,31.9026445055
/staging/sn1/tkitapci/Oyster_OsHv/debarcoded_Merged/Plate_4-ACTCCGCC-4.fastq,0.0268710753532
/staging/sn1/tkitapci/Oyster_OsHv/debarcoded_Merged/Plate_4-ACTCTGC-4.fastq,10.3308015699
/staging/sn1/tkitapci/Oyster_OsHv/debarcoded_Merged/Plate_4-ACTGCCT-4.fastq,19.287141876
/staging/sn1/tkitapci/Oyster_OsHv/debarcoded_Merged/Plate_4-ACTTCCTGC-4.fastq,0.0156762166405
/staging/sn1/tkitapci/Oyster_OsHv/debarcoded_Merged/Plate_4-ACTTGTTC-4.fastq,0.054446899529
/staging/sn1/tkitapci/Oyster_OsHv/debarcoded_Merged/Plate_4-AGACC-4.fastq,10.2146448195
/staging/sn1/tkitapci/Oyster_OsHv/debarcoded_Merged/Plate_4-AGCTCC-4.fastq,9.79666656201
/staging/sn1/tkitapci/Oyster_OsHv/debarcoded_Merged/Plate_4-AGTGCT-4.fastq,13.4657062009
/staging/sn1/tkitapci/Oyster_OsHv/debarcoded_Merged/Plate_4-ATAC-4.fastq,112.403641601
/staging/sn1/tkitapci/Oyster_OsHv/debarcoded_Merged/Plate_4-ATCCTCGC-4.fastq,30.4793718995
/staging/sn1/tkitapci/Oyster_OsHv/debarcoded_Merged/Plate_4-ATCGTC-4.fastq,10.2587835165
/staging/sn1/tkitapci/Oyster_OsHv/debarcoded_Merged/Plate_4-ATCTGCC-4.fastq,14.0094916013
/staging/sn1/tkitapci/Oyster_OsHv/debarcoded_Merged/Plate_4-ATCTGCGCC-4.fastq,0.000661459968603
/staging/sn1/tkitapci/Oyster_OsHv/debarcoded_Merged/Plate_4-ATCTGT-4.fastq,25.3311416013
/staging/sn1/tkitapci/Oyster_OsHv/debarcoded_Merged/Plate_4-ATCTTCCGC-4.fastq,67.5720056122
/staging/sn1/tkitapci/Oyster_OsHv/debarcoded_Merged/Plate_4-ATCTTGCC-4.fastq,36.849441248
/staging/sn1/tkitapci/Oyster_OsHv/debarcoded_Merged/Plate_4-ATCTTGTCC-4.fastq,0.00138591051805
/staging/sn1/tkitapci/Oyster_OsHv/debarcoded_Merged/Plate_4-ATGCCT-4.fastq,11.8660187206
/staging/sn1/tkitapci/Oyster_OsHv/debarcoded_Merged/Plate_4-ATGTCCGGC-4.fastq,0.0018998822606
/staging/sn1/tkitapci/Oyster_OsHv/debarcoded_Merged/Plate_4-ATTCGCGGC-4.fastq,18.706641562
/staging/sn1/tkitapci/Oyster_OsHv/debarcoded_Merged/Plate_4-ATTCGTC-4.fastq,9.59403689168
/staging/sn1/tkitapci/Oyster_OsHv/debarcoded_Merged/Plate_4-CAATC-4.fastq,19.2080665228
/staging/sn1/tkitapci/Oyster_OsHv/debarcoded_Merged/Plate_4-CACGCT-4.fastq,34.2935817111
/staging/sn1/tkitapci/Oyster_OsHv/debarcoded_Merged/Plate_4-CAGC-4.fastq,12.7677447802
/staging/sn1/tkitapci/Oyster_OsHv/debarcoded_Merged/Plate_4-CAGTCC-4.fastq,15.1994972135
/staging/sn1/tkitapci/Oyster_OsHv/debarcoded_Merged/Plate_4-CATGTGGC-4.fastq,62.709660832
/staging/sn1/tkitapci/Oyster_OsHv/debarcoded_Merged/Plate_4-CCACT-4.fastq,15.9060583595
/staging/sn1/tkitapci/Oyster_OsHv/debarcoded_Merged/Plate_4-CCATCGC-4.fastq,11.0905730377
/staging/sn1/tkitapci/Oyster_OsHv/debarcoded_Merged/Plate_4-CCTAGGCC-4.fastq,0.0503719387755
/staging/sn1/tkitapci/Oyster_OsHv/debarcoded_Merged/Plate_4-CCTAGT-4.fastq,39.6840313579
/staging/sn1/tkitapci/Oyster_OsHv/debarcoded_Merged/Plate_4-CCTCACGC-4.fastq,0.0613662872841
/staging/sn1/tkitapci/Oyster_OsHv/debarcoded_Merged/Plate_4-CCTCACTGC-4.fastq,0.00018273155416
/staging/sn1/tkitapci/Oyster_OsHv/debarcoded_Merged/Plate_4-CCTCTAGGC-4.fastq,0.00398740188383
/staging/sn1/tkitapci/Oyster_OsHv/debarcoded_Merged/Plate_4-CGAGGT-4.fastq,44.1290147959
/staging/sn1/tkitapci/Oyster_OsHv/debarcoded_Merged/Plate_4-CGGAAGTC-4.fastq,19.0846416797
/staging/sn1/tkitapci/Oyster_OsHv/debarcoded_Merged/Plate_4-CGGAATCGC-4.fastq,28.0737144819
/staging/sn1/tkitapci/Oyster_OsHv/debarcoded_Merged/Plate_4-CGGACATCC-4.fastq,0.000850824175824
/staging/sn1/tkitapci/Oyster_OsHv/debarcoded_Merged/Plate_4-CGTATC-4.fastq,40.1549833595
/staging/sn1/tkitapci/Oyster_OsHv/debarcoded_Merged/Plate_4-CTAGCC-4.fastq,15.2297013736
/staging/sn1/tkitapci/Oyster_OsHv/debarcoded_Merged/Plate_4-CTCAT-4.fastq,25.2560284144
/staging/sn1/tkitapci/Oyster_OsHv/debarcoded_Merged/Plate_4-CTGACGC-4.fastq,16.1722847724
/staging/sn1/tkitapci/Oyster_OsHv/debarcoded_Merged/Plate_4-GAACCT-4.fastq,22.1350607928
/staging/sn1/tkitapci/Oyster_OsHv/debarcoded_Merged/Plate_4-GACCTC-4.fastq,20.7287803768
/staging/sn1/tkitapci/Oyster_OsHv/debarcoded_Merged/Plate_4-GACCTTC-4.fastq,20.6680594192
/staging/sn1/tkitapci/Oyster_OsHv/debarcoded_Merged/Plate_4-GACCTTGC-4.fastq,31.3990599294
/staging/sn1/tkitapci/Oyster_OsHv/debarcoded_Merged/Plate_4-GAGAAGTGC-4.fastq,0.0022898744113
/staging/sn1/tkitapci/Oyster_OsHv/debarcoded_Merged/Plate_4-GAGAATGCC-4.fastq,0.000834811616954
/staging/sn1/tkitapci/Oyster_OsHv/debarcoded_Merged/Plate_4-GAGGTGGCC-4.fastq,0.000316405023548
/staging/sn1/tkitapci/Oyster_OsHv/debarcoded_Merged/Plate_4-GAGGTTCC-4.fastq,0.00748959968603
/staging/sn1/tkitapci/Oyster_OsHv/debarcoded_Merged/Plate_4-GCCACCT-4.fastq,10.5620002355
/staging/sn1/tkitapci/Oyster_OsHv/debarcoded_Merged/Plate_4-GCGT-4.fastq,159.770338148
/staging/sn1/tkitapci/Oyster_OsHv/debarcoded_Merged/Plate_4-GGAACGTC-4.fastq,8.23316130298
/staging/sn1/tkitapci/Oyster_OsHv/debarcoded_Merged/Plate_4-GGAACGTGC-4.fastq,62.4391115385
/staging/sn1/tkitapci/Oyster_OsHv/debarcoded_Merged/Plate_4-GGATGC-4.fastq,215.189091013
/staging/sn1/tkitapci/Oyster_OsHv/debarcoded_Merged/Plate_4-GGATGTC-4.fastq,28.8751756672
/staging/sn1/tkitapci/Oyster_OsHv/debarcoded_Merged/Plate_4-GGCAGT-4.fastq,39.4252688383
/staging/sn1/tkitapci/Oyster_OsHv/debarcoded_Merged/Plate_4-GGCTT-4.fastq,103.853164639
/staging/sn1/tkitapci/Oyster_OsHv/debarcoded_Merged/Plate_4-GGTC-4.fastq,28.3611572214
/staging/sn1/tkitapci/Oyster_OsHv/debarcoded_Merged/Plate_4-GGTGC-4.fastq,15.0242316719
/staging/sn1/tkitapci/Oyster_OsHv/debarcoded_Merged/Plate_4-GTAGCGC-4.fastq,8.53079717425
/staging/sn1/tkitapci/Oyster_OsHv/debarcoded_Merged/Plate_4-GTAGCTGC-4.fastq,0.00678740188383
/staging/sn1/tkitapci/Oyster_OsHv/debarcoded_Merged/Plate_4-GTGAATGC-4.fastq,0.068510321821
/staging/sn1/tkitapci/Oyster_OsHv/debarcoded_Merged/Plate_4-GTGAC-4.fastq,143.960567308
/staging/sn1/tkitapci/Oyster_OsHv/debarcoded_Merged/Plate_4-GTGAGC-4.fastq,7.34472782575
/staging/sn1/tkitapci/Oyster_OsHv/debarcoded_Merged/Plate_4-GTGGATC-4.fastq,14.3461398744
/staging/sn1/tkitapci/Oyster_OsHv/debarcoded_Merged/Plate_4-TAAGAAGCC-4.fastq,12.3454732732
/staging/sn1/tkitapci/Oyster_OsHv/debarcoded_Merged/Plate_4-TACCTGT-4.fastq,105.243716209
/staging/sn1/tkitapci/Oyster_OsHv/debarcoded_Merged/Plate_4-TAGAACC-4.fastq,4.86488940345
/staging/sn1/tkitapci/Oyster_OsHv/debarcoded_Merged/Plate_4-TAGGT-4.fastq,17.0969294349
/staging/sn1/tkitapci/Oyster_OsHv/debarcoded_Merged/Plate_4-TATCGT-4.fastq,31.6017417582
/staging/sn1/tkitapci/Oyster_OsHv/debarcoded_Merged/Plate_4-TATTGTCC-4.fastq,23.5769885008
/staging/sn1/tkitapci/Oyster_OsHv/debarcoded_Merged/Plate_4-TCAGTT-4.fastq,17.6698606358
/staging/sn1/tkitapci/Oyster_OsHv/debarcoded_Merged/Plate_4-TCATGCC-4.fastq,16.4055851256
/staging/sn1/tkitapci/Oyster_OsHv/debarcoded_Merged/Plate_4-TCGCC-4.fastq,9.61352452904
/staging/sn1/tkitapci/Oyster_OsHv/debarcoded_Merged/Plate_4-TGAACC-4.fastq,6.043491719
/staging/sn1/tkitapci/Oyster_OsHv/debarcoded_Merged/Plate_4-TGAACGC-4.fastq,8.78198634223
/staging/sn1/tkitapci/Oyster_OsHv/debarcoded_Merged/Plate_4-TGAGAACGC-4.fastq,20.9374449765
/staging/sn1/tkitapci/Oyster_OsHv/debarcoded_Merged/Plate_4-TGAGACGC-4.fastq,23.0557177394
/staging/sn1/tkitapci/Oyster_OsHv/debarcoded_Merged/Plate_4-TGAGACT-4.fastq,25.6687808085
/staging/sn1/tkitapci/Oyster_OsHv/debarcoded_Merged/Plate_4-TGAGGTTC-4.fastq,12.8524110675
/staging/sn1/tkitapci/Oyster_OsHv/debarcoded_Merged/Plate_4-TGAGGTTGC-4.fastq,0.00411047880691
/staging/sn1/tkitapci/Oyster_OsHv/debarcoded_Merged/Plate_4-TGAT-4.fastq,23.1873830063
/staging/sn1/tkitapci/Oyster_OsHv/debarcoded_Merged/Plate_4-TGGAGTC-4.fastq,9.08291522763
/staging/sn1/tkitapci/Oyster_OsHv/debarcoded_Merged/Plate_4-TGGAGTGC-4.fastq,79.6623109105
/staging/sn1/tkitapci/Oyster_OsHv/debarcoded_Merged/Plate_4-TGGTATCC-4.fastq,0.0143012951334
/staging/sn1/tkitapci/Oyster_OsHv/debarcoded_Merged/Plate_4-TGTAT-4.fastq,144.343733634
/staging/sn1/tkitapci/Oyster_OsHv/debarcoded_Merged/Plate_4-TTAGC-4.fastq,219.938316091
/staging/sn1/tkitapci/Oyster_OsHv/debarcoded_Merged/Plate_4-TTAGGCCGC-4.fastq,55.4634350078
/staging/sn1/tkitapci/Oyster_OsHv/debarcoded_Merged/Plate_4-TTGTAGC-4.fastq,9.08806718995
/staging/sn1/tkitapci/Oyster_OsHv/debarcoded_Merged/Plate_5-AACAC-5.fastq,71.999343956
/staging/sn1/tkitapci/Oyster_OsHv/debarcoded_Merged/Plate_5-AACT-5.fastq,8.78038838305
/staging/sn1/tkitapci/Oyster_OsHv/debarcoded_Merged/Plate_5-AATCT-5.fastq,33.5742607535
/staging/sn1/tkitapci/Oyster_OsHv/debarcoded_Merged/Plate_5-ACCGT-5.fastq,64.486486303
/staging/sn1/tkitapci/Oyster_OsHv/debarcoded_Merged/Plate_5-ACCTCGTC-5.fastq,14.1526632653
/staging/sn1/tkitapci/Oyster_OsHv/debarcoded_Merged/Plate_5-ACGCCTC-5.fastq,30.8349773155
/staging/sn1/tkitapci/Oyster_OsHv/debarcoded_Merged/Plate_5-ACGTTC-5.fastq,42.7827010597
/staging/sn1/tkitapci/Oyster_OsHv/debarcoded_Merged/Plate_5-ACTCCGCC-5.fastq,2.82170321821
/staging/sn1/tkitapci/Oyster_OsHv/debarcoded_Merged/Plate_5-ACTCTGC-5.fastq,19.2799733909
/staging/sn1/tkitapci/Oyster_OsHv/debarcoded_Merged/Plate_5-ACTGCCT-5.fastq,39.2936406593
/staging/sn1/tkitapci/Oyster_OsHv/debarcoded_Merged/Plate_5-ACTTCCTGC-5.fastq,0.00589972527473
/staging/sn1/tkitapci/Oyster_OsHv/debarcoded_Merged/Plate_5-ACTTGTTC-5.fastq,10.9283680141
/staging/sn1/tkitapci/Oyster_OsHv/debarcoded_Merged/Plate_5-AGACC-5.fastq,23.9044431711
/staging/sn1/tkitapci/Oyster_OsHv/debarcoded_Merged/Plate_5-AGCTCC-5.fastq,10.4257288069
/staging/sn1/tkitapci/Oyster_OsHv/debarcoded_Merged/Plate_5-AGTGCT-5.fastq,13.0729541601
/staging/sn1/tkitapci/Oyster_OsHv/debarcoded_Merged/Plate_5-ATAC-5.fastq,97.6330531397
/staging/sn1/tkitapci/Oyster_OsHv/debarcoded_Merged/Plate_5-ATCCTCGC-5.fastq,3.26157931711
/staging/sn1/tkitapci/Oyster_OsHv/debarcoded_Merged/Plate_5-ATCGTC-5.fastq,2.67804069859
/staging/sn1/tkitapci/Oyster_OsHv/debarcoded_Merged/Plate_5-ATCTGCC-5.fastq,6.62595651491
/staging/sn1/tkitapci/Oyster_OsHv/debarcoded_Merged/Plate_5-ATCTGCGCC-5.fastq,8.62651420722
/staging/sn1/tkitapci/Oyster_OsHv/debarcoded_Merged/Plate_5-ATCTGT-5.fastq,4.55009674254
/staging/sn1/tkitapci/Oyster_OsHv/debarcoded_Merged/Plate_5-ATCTTCCGC-5.fastq,22.8210216248
/staging/sn1/tkitapci/Oyster_OsHv/debarcoded_Merged/Plate_5-ATCTTGCC-5.fastq,6.83902166405
/staging/sn1/tkitapci/Oyster_OsHv/debarcoded_Merged/Plate_5-ATCTTGTCC-5.fastq,6.36192617739
/staging/sn1/tkitapci/Oyster_OsHv/debarcoded_Merged/Plate_5-ATGCCT-5.fastq,1.0973033752
/staging/sn1/tkitapci/Oyster_OsHv/debarcoded_Merged/Plate_5-ATGTCCGGC-5.fastq,11.6548879121
/staging/sn1/tkitapci/Oyster_OsHv/debarcoded_Merged/Plate_5-ATTCGCGGC-5.fastq,10.2219229592
/staging/sn1/tkitapci/Oyster_OsHv/debarcoded_Merged/Plate_5-ATTCGTC-5.fastq,10.4724999215
/staging/sn1/tkitapci/Oyster_OsHv/debarcoded_Merged/Plate_5-CAATC-5.fastq,45.1643574961
/staging/sn1/tkitapci/Oyster_OsHv/debarcoded_Merged/Plate_5-CACGCT-5.fastq,6.85166805338
/staging/sn1/tkitapci/Oyster_OsHv/debarcoded_Merged/Plate_5-CAGC-5.fastq,0.345536813187
/staging/sn1/tkitapci/Oyster_OsHv/debarcoded_Merged/Plate_5-CAGTCC-5.fastq,13.6101610675
/staging/sn1/tkitapci/Oyster_OsHv/debarcoded_Merged/Plate_5-CATGTGGC-5.fastq,45.8572398352
/staging/sn1/tkitapci/Oyster_OsHv/debarcoded_Merged/Plate_5-CCACT-5.fastq,4.44927445055
/staging/sn1/tkitapci/Oyster_OsHv/debarcoded_Merged/Plate_5-CCATCGC-5.fastq,9.34776927002
/staging/sn1/tkitapci/Oyster_OsHv/debarcoded_Merged/Plate_5-CCTAGGCC-5.fastq,5.31309756672
/staging/sn1/tkitapci/Oyster_OsHv/debarcoded_Merged/Plate_5-CCTAGT-5.fastq,11.1996395604
/staging/sn1/tkitapci/Oyster_OsHv/debarcoded_Merged/Plate_5-CCTCACGC-5.fastq,8.96514403454
/staging/sn1/tkitapci/Oyster_OsHv/debarcoded_Merged/Plate_5-CCTCACTGC-5.fastq,8.49381020408
/staging/sn1/tkitapci/Oyster_OsHv/debarcoded_Merged/Plate_5-CCTCTAGGC-5.fastq,19.6422883438
/staging/sn1/tkitapci/Oyster_OsHv/debarcoded_Merged/Plate_5-CGAGGT-5.fastq,37.1717431319
/staging/sn1/tkitapci/Oyster_OsHv/debarcoded_Merged/Plate_5-CGGAAGTC-5.fastq,58.5157849686
/staging/sn1/tkitapci/Oyster_OsHv/debarcoded_Merged/Plate_5-CGGAATCGC-5.fastq,2.1642282967
/staging/sn1/tkitapci/Oyster_OsHv/debarcoded_Merged/Plate_5-CGGACATCC-5.fastq,10.594977551
/staging/sn1/tkitapci/Oyster_OsHv/debarcoded_Merged/Plate_5-CGTATC-5.fastq,3.02838453689
/staging/sn1/tkitapci/Oyster_OsHv/debarcoded_Merged/Plate_5-CTAGCC-5.fastq,13.7422743721
/staging/sn1/tkitapci/Oyster_OsHv/debarcoded_Merged/Plate_5-CTCAT-5.fastq,33.6301085557
/staging/sn1/tkitapci/Oyster_OsHv/debarcoded_Merged/Plate_5-CTGACGC-5.fastq,23.0441051413
/staging/sn1/tkitapci/Oyster_OsHv/debarcoded_Merged/Plate_5-GAACCT-5.fastq,13.4288199372
/staging/sn1/tkitapci/Oyster_OsHv/debarcoded_Merged/Plate_5-GACCTC-5.fastq,12.2530600471
/staging/sn1/tkitapci/Oyster_OsHv/debarcoded_Merged/Plate_5-GACCTTC-5.fastq,26.0212021978
/staging/sn1/tkitapci/Oyster_OsHv/debarcoded_Merged/Plate_5-GACCTTGC-5.fastq,37.9954200157
/staging/sn1/tkitapci/Oyster_OsHv/debarcoded_Merged/Plate_5-GAGAAGTGC-5.fastq,32.8016145997
/staging/sn1/tkitapci/Oyster_OsHv/debarcoded_Merged/Plate_5-GAGAATGCC-5.fastq,73.095805416
/staging/sn1/tkitapci/Oyster_OsHv/debarcoded_Merged/Plate_5-GAGGTGGCC-5.fastq,15.8684458006
/staging/sn1/tkitapci/Oyster_OsHv/debarcoded_Merged/Plate_5-GAGGTTCC-5.fastq,4.42837284144
/staging/sn1/tkitapci/Oyster_OsHv/debarcoded_Merged/Plate_5-GCCACCT-5.fastq,17.8615840267
/staging/sn1/tkitapci/Oyster_OsHv/debarcoded_Merged/Plate_5-GCGT-5.fastq,76.8825350471
/staging/sn1/tkitapci/Oyster_OsHv/debarcoded_Merged/Plate_5-GGAACGTC-5.fastq,1.56068932496
/staging/sn1/tkitapci/Oyster_OsHv/debarcoded_Merged/Plate_5-GGAACGTGC-5.fastq,22.3614536107
/staging/sn1/tkitapci/Oyster_OsHv/debarcoded_Merged/Plate_5-GGATGC-5.fastq,1.16642790424
/staging/sn1/tkitapci/Oyster_OsHv/debarcoded_Merged/Plate_5-GGATGTC-5.fastq,45.7653074961
/staging/sn1/tkitapci/Oyster_OsHv/debarcoded_Merged/Plate_5-GGCAGT-5.fastq,34.5035655416
/staging/sn1/tkitapci/Oyster_OsHv/debarcoded_Merged/Plate_5-GGCTT-5.fastq,20.9163917582
/staging/sn1/tkitapci/Oyster_OsHv/debarcoded_Merged/Plate_5-GGTC-5.fastq,5.47924042386
/staging/sn1/tkitapci/Oyster_OsHv/debarcoded_Merged/Plate_5-GGTGC-5.fastq,30.9041168367
/staging/sn1/tkitapci/Oyster_OsHv/debarcoded_Merged/Plate_5-GTAGCGC-5.fastq,1.17880321821
/staging/sn1/tkitapci/Oyster_OsHv/debarcoded_Merged/Plate_5-GTAGCTGC-5.fastq,6.23601208791
/staging/sn1/tkitapci/Oyster_OsHv/debarcoded_Merged/Plate_5-GTGAATGC-5.fastq,17.5018120487
/staging/sn1/tkitapci/Oyster_OsHv/debarcoded_Merged/Plate_5-GTGAC-5.fastq,28.6821380691
/staging/sn1/tkitapci/Oyster_OsHv/debarcoded_Merged/Plate_5-GTGAGC-5.fastq,2.7184211146
/staging/sn1/tkitapci/Oyster_OsHv/debarcoded_Merged/Plate_5-GTGGATC-5.fastq,20.2116700157
/staging/sn1/tkitapci/Oyster_OsHv/debarcoded_Merged/Plate_5-TAAGAAGCC-5.fastq,9.44636522763
/staging/sn1/tkitapci/Oyster_OsHv/debarcoded_Merged/Plate_5-TACCTGT-5.fastq,62.8325124019
/staging/sn1/tkitapci/Oyster_OsHv/debarcoded_Merged/Plate_5-TAGAACC-5.fastq,22.3900744898
/staging/sn1/tkitapci/Oyster_OsHv/debarcoded_Merged/Plate_5-TAGGT-5.fastq,49.351913854
/staging/sn1/tkitapci/Oyster_OsHv/debarcoded_Merged/Plate_5-TATCGT-5.fastq,25.6405273548
/staging/sn1/tkitapci/Oyster_OsHv/debarcoded_Merged/Plate_5-TATTGTCC-5.fastq,9.10887421507
/staging/sn1/tkitapci/Oyster_OsHv/debarcoded_Merged/Plate_5-TCAGTT-5.fastq,12.7042025118
/staging/sn1/tkitapci/Oyster_OsHv/debarcoded_Merged/Plate_5-TCATGCC-5.fastq,12.1796490973
/staging/sn1/tkitapci/Oyster_OsHv/debarcoded_Merged/Plate_5-TCGCC-5.fastq,11.3830490973
/staging/sn1/tkitapci/Oyster_OsHv/debarcoded_Merged/Plate_5-TGAACC-5.fastq,5.32956950549
/staging/sn1/tkitapci/Oyster_OsHv/debarcoded_Merged/Plate_5-TGAACGC-5.fastq,11.8143511381
/staging/sn1/tkitapci/Oyster_OsHv/debarcoded_Merged/Plate_5-TGAGAACGC-5.fastq,18.0009577708
/staging/sn1/tkitapci/Oyster_OsHv/debarcoded_Merged/Plate_5-TGAGACGC-5.fastq,22.0754828885
/staging/sn1/tkitapci/Oyster_OsHv/debarcoded_Merged/Plate_5-TGAGACT-5.fastq,26.1579943485
/staging/sn1/tkitapci/Oyster_OsHv/debarcoded_Merged/Plate_5-TGAGGTTC-5.fastq,11.2108735871
/staging/sn1/tkitapci/Oyster_OsHv/debarcoded_Merged/Plate_5-TGAGGTTGC-5.fastq,18.5940396782
/staging/sn1/tkitapci/Oyster_OsHv/debarcoded_Merged/Plate_5-TGAT-5.fastq,31.0796840267
/staging/sn1/tkitapci/Oyster_OsHv/debarcoded_Merged/Plate_5-TGGAGTC-5.fastq,0.143834065934
/staging/sn1/tkitapci/Oyster_OsHv/debarcoded_Merged/Plate_5-TGGAGTGC-5.fastq,36.671289168
/staging/sn1/tkitapci/Oyster_OsHv/debarcoded_Merged/Plate_5-TGGTATCC-5.fastq,10.461628179
/staging/sn1/tkitapci/Oyster_OsHv/debarcoded_Merged/Plate_5-TGTAT-5.fastq,53.879780102
/staging/sn1/tkitapci/Oyster_OsHv/debarcoded_Merged/Plate_5-TTAGC-5.fastq,50.3069311224
/staging/sn1/tkitapci/Oyster_OsHv/debarcoded_Merged/Plate_5-TTAGGCCGC-5.fastq,46.8241321821
/staging/sn1/tkitapci/Oyster_OsHv/debarcoded_Merged/Plate_5-TTGTAGC-5.fastq,21.4497776295
/staging/sn1/tkitapci/Oyster_OsHv/debarcoded_Merged/Plate_0-AACAC-0.fastq,5.96017970958
/staging/sn1/tkitapci/Oyster_OsHv/debarcoded_Merged/Plate_0-AACT-0.fastq,15.2655008242
/staging/sn1/tkitapci/Oyster_OsHv/debarcoded_Merged/Plate_0-AATCT-0.fastq,17.8700912088
/staging/sn1/tkitapci/Oyster_OsHv/debarcoded_Merged/Plate_0-ACCGT-0.fastq,0.966424921507
/staging/sn1/tkitapci/Oyster_OsHv/debarcoded_Merged/Plate_0-ACCTCGTC-0.fastq,1.49747217425
/staging/sn1/tkitapci/Oyster_OsHv/debarcoded_Merged/Plate_0-ACGCCTC-0.fastq,2.09847884615
/staging/sn1/tkitapci/Oyster_OsHv/debarcoded_Merged/Plate_0-ACGTTC-0.fastq,6.78989289639
/staging/sn1/tkitapci/Oyster_OsHv/debarcoded_Merged/Plate_0-ACTCCGCC-0.fastq,17.8732903454
/staging/sn1/tkitapci/Oyster_OsHv/debarcoded_Merged/Plate_0-ACTCTGC-0.fastq,19.0907310047
/staging/sn1/tkitapci/Oyster_OsHv/debarcoded_Merged/Plate_0-ACTGCCT-0.fastq,10.4423954867
/staging/sn1/tkitapci/Oyster_OsHv/debarcoded_Merged/Plate_0-ACTTCCTGC-0.fastq,9.52251173469
/staging/sn1/tkitapci/Oyster_OsHv/debarcoded_Merged/Plate_0-ACTTGTTC-0.fastq,5.33290282575
/staging/sn1/tkitapci/Oyster_OsHv/debarcoded_Merged/Plate_0-AGACC-0.fastq,9.54333736264
/staging/sn1/tkitapci/Oyster_OsHv/debarcoded_Merged/Plate_0-AGCTCC-0.fastq,0.0292169544741
/staging/sn1/tkitapci/Oyster_OsHv/debarcoded_Merged/Plate_0-AGTGCT-0.fastq,2.92447476452
/staging/sn1/tkitapci/Oyster_OsHv/debarcoded_Merged/Plate_0-ATAC-0.fastq,23.3887764914
/staging/sn1/tkitapci/Oyster_OsHv/debarcoded_Merged/Plate_0-ATCCTCGC-0.fastq,10.173966719
/staging/sn1/tkitapci/Oyster_OsHv/debarcoded_Merged/Plate_0-ATCGTC-0.fastq,41.8760283752
/staging/sn1/tkitapci/Oyster_OsHv/debarcoded_Merged/Plate_0-ATCTGCC-0.fastq,0.0520232339089
/staging/sn1/tkitapci/Oyster_OsHv/debarcoded_Merged/Plate_0-ATCTGCGCC-0.fastq,0.0281534536892
/staging/sn1/tkitapci/Oyster_OsHv/debarcoded_Merged/Plate_0-ATCTGT-0.fastq,21.3676763736
/staging/sn1/tkitapci/Oyster_OsHv/debarcoded_Merged/Plate_0-ATCTTCCGC-0.fastq,0.78172967033
/staging/sn1/tkitapci/Oyster_OsHv/debarcoded_Merged/Plate_0-ATCTTGCC-0.fastq,9.8543705259
/staging/sn1/tkitapci/Oyster_OsHv/debarcoded_Merged/Plate_0-ATCTTGTCC-0.fastq,3.13801000785
/staging/sn1/tkitapci/Oyster_OsHv/debarcoded_Merged/Plate_0-ATGCCT-0.fastq,28.5864288462
/staging/sn1/tkitapci/Oyster_OsHv/debarcoded_Merged/Plate_0-ATGTCCGGC-0.fastq,0.927810400314
/staging/sn1/tkitapci/Oyster_OsHv/debarcoded_Merged/Plate_0-ATTCGCGGC-0.fastq,0.0669759419152
/staging/sn1/tkitapci/Oyster_OsHv/debarcoded_Merged/Plate_0-ATTCGTC-0.fastq,0.896576923077
/staging/sn1/tkitapci/Oyster_OsHv/debarcoded_Merged/Plate_0-CAATC-0.fastq,3.15079277865
/staging/sn1/tkitapci/Oyster_OsHv/debarcoded_Merged/Plate_0-CACGCT-0.fastq,6.36919038462
/staging/sn1/tkitapci/Oyster_OsHv/debarcoded_Merged/Plate_0-CAGC-0.fastq,99.424366562
/staging/sn1/tkitapci/Oyster_OsHv/debarcoded_Merged/Plate_0-CAGTCC-0.fastq,3.5651327708
/staging/sn1/tkitapci/Oyster_OsHv/debarcoded_Merged/Plate_0-CATGTGGC-0.fastq,51.0170244505
/staging/sn1/tkitapci/Oyster_OsHv/debarcoded_Merged/Plate_0-CCACT-0.fastq,27.4100156201
/staging/sn1/tkitapci/Oyster_OsHv/debarcoded_Merged/Plate_0-CCATCGC-0.fastq,34.480480259
/staging/sn1/tkitapci/Oyster_OsHv/debarcoded_Merged/Plate_0-CCTAGGCC-0.fastq,0.0150272370487
/staging/sn1/tkitapci/Oyster_OsHv/debarcoded_Merged/Plate_0-CCTAGT-0.fastq,27.8791181711
/staging/sn1/tkitapci/Oyster_OsHv/debarcoded_Merged/Plate_0-CCTCACGC-0.fastq,25.7984413265
/staging/sn1/tkitapci/Oyster_OsHv/debarcoded_Merged/Plate_0-CCTCACTGC-0.fastq,0.042168288854
/staging/sn1/tkitapci/Oyster_OsHv/debarcoded_Merged/Plate_0-CCTCTAGGC-0.fastq,2.15387146782
/staging/sn1/tkitapci/Oyster_OsHv/debarcoded_Merged/Plate_0-CGAGGT-0.fastq,5.51287692308
/staging/sn1/tkitapci/Oyster_OsHv/debarcoded_Merged/Plate_0-CGGAAGTC-0.fastq,33.1082872449
/staging/sn1/tkitapci/Oyster_OsHv/debarcoded_Merged/Plate_0-CGGAATCGC-0.fastq,39.8749769623
/staging/sn1/tkitapci/Oyster_OsHv/debarcoded_Merged/Plate_0-CGGACATCC-0.fastq,12.1806490581
/staging/sn1/tkitapci/Oyster_OsHv/debarcoded_Merged/Plate_0-CGTATC-0.fastq,9.11773261381
/staging/sn1/tkitapci/Oyster_OsHv/debarcoded_Merged/Plate_0-CTAGCC-0.fastq,3.88497527473
/staging/sn1/tkitapci/Oyster_OsHv/debarcoded_Merged/Plate_0-CTCAT-0.fastq,1.85906667975
/staging/sn1/tkitapci/Oyster_OsHv/debarcoded_Merged/Plate_0-CTGACGC-0.fastq,0.0107891287284
/staging/sn1/tkitapci/Oyster_OsHv/debarcoded_Merged/Plate_0-GAACCT-0.fastq,12.3485436028
/staging/sn1/tkitapci/Oyster_OsHv/debarcoded_Merged/Plate_0-GACCTC-0.fastq,0.854313500785
/staging/sn1/tkitapci/Oyster_OsHv/debarcoded_Merged/Plate_0-GACCTTC-0.fastq,38.3165029042
/staging/sn1/tkitapci/Oyster_OsHv/debarcoded_Merged/Plate_0-GACCTTGC-0.fastq,24.2166374804
/staging/sn1/tkitapci/Oyster_OsHv/debarcoded_Merged/Plate_0-GAGAAGTGC-0.fastq,6.79413528257
/staging/sn1/tkitapci/Oyster_OsHv/debarcoded_Merged/Plate_0-GAGAATGCC-0.fastq,31.4185916013
/staging/sn1/tkitapci/Oyster_OsHv/debarcoded_Merged/Plate_0-GAGGTGGCC-0.fastq,8.1968605573
/staging/sn1/tkitapci/Oyster_OsHv/debarcoded_Merged/Plate_0-GAGGTTCC-0.fastq,6.21752264521
/staging/sn1/tkitapci/Oyster_OsHv/debarcoded_Merged/Plate_0-GCCACCT-0.fastq,10.8843394819
/staging/sn1/tkitapci/Oyster_OsHv/debarcoded_Merged/Plate_0-GCGT-0.fastq,59.4812453689
/staging/sn1/tkitapci/Oyster_OsHv/debarcoded_Merged/Plate_0-GGAACGTC-0.fastq,0.455728689168
/staging/sn1/tkitapci/Oyster_OsHv/debarcoded_Merged/Plate_0-GGAACGTGC-0.fastq,23.5787185636
/staging/sn1/tkitapci/Oyster_OsHv/debarcoded_Merged/Plate_0-GGATGC-0.fastq,11.9286423862
/staging/sn1/tkitapci/Oyster_OsHv/debarcoded_Merged/Plate_0-GGATGTC-0.fastq,37.9519722527
/staging/sn1/tkitapci/Oyster_OsHv/debarcoded_Merged/Plate_0-GGCAGT-0.fastq,37.4181608713
/staging/sn1/tkitapci/Oyster_OsHv/debarcoded_Merged/Plate_0-GGCTT-0.fastq,37.5320474882
/staging/sn1/tkitapci/Oyster_OsHv/debarcoded_Merged/Plate_0-GGTC-0.fastq,71.1556401099
/staging/sn1/tkitapci/Oyster_OsHv/debarcoded_Merged/Plate_0-GGTGC-0.fastq,9.26278948195
/staging/sn1/tkitapci/Oyster_OsHv/debarcoded_Merged/Plate_0-GTAGCGC-0.fastq,0.0559947802198
/staging/sn1/tkitapci/Oyster_OsHv/debarcoded_Merged/Plate_0-GTAGCTGC-0.fastq,6.98186177394
/staging/sn1/tkitapci/Oyster_OsHv/debarcoded_Merged/Plate_0-GTGAATGC-0.fastq,6.38954230769
/staging/sn1/tkitapci/Oyster_OsHv/debarcoded_Merged/Plate_0-GTGAC-0.fastq,0.580401412873
/staging/sn1/tkitapci/Oyster_OsHv/debarcoded_Merged/Plate_0-GTGAGC-0.fastq,10.94916354
/staging/sn1/tkitapci/Oyster_OsHv/debarcoded_Merged/Plate_0-GTGGATC-0.fastq,26.3387428179
/staging/sn1/tkitapci/Oyster_OsHv/debarcoded_Merged/Plate_0-TAAGAAGCC-0.fastq,7.33523014129
/staging/sn1/tkitapci/Oyster_OsHv/debarcoded_Merged/Plate_0-TACCTGT-0.fastq,8.49899591837
/staging/sn1/tkitapci/Oyster_OsHv/debarcoded_Merged/Plate_0-TAGAACC-0.fastq,18.1709058477
/staging/sn1/tkitapci/Oyster_OsHv/debarcoded_Merged/Plate_0-TAGGT-0.fastq,1.01130769231
/staging/sn1/tkitapci/Oyster_OsHv/debarcoded_Merged/Plate_0-TATCGT-0.fastq,9.31089952904
/staging/sn1/tkitapci/Oyster_OsHv/debarcoded_Merged/Plate_0-TATTGTCC-0.fastq,0.171887009419
/staging/sn1/tkitapci/Oyster_OsHv/debarcoded_Merged/Plate_0-TCAGTT-0.fastq,0.0287363422292
/staging/sn1/tkitapci/Oyster_OsHv/debarcoded_Merged/Plate_0-TCATGCC-0.fastq,5.31494960754
/staging/sn1/tkitapci/Oyster_OsHv/debarcoded_Merged/Plate_0-TCGCC-0.fastq,1.9912683281
/staging/sn1/tkitapci/Oyster_OsHv/debarcoded_Merged/Plate_0-TGAACC-0.fastq,7.44246185243
/staging/sn1/tkitapci/Oyster_OsHv/debarcoded_Merged/Plate_0-TGAACGC-0.fastq,0.525195015699
/staging/sn1/tkitapci/Oyster_OsHv/debarcoded_Merged/Plate_0-TGAGAACGC-0.fastq,39.1434311224
/staging/sn1/tkitapci/Oyster_OsHv/debarcoded_Merged/Plate_0-TGAGACGC-0.fastq,10.3996655416
/staging/sn1/tkitapci/Oyster_OsHv/debarcoded_Merged/Plate_0-TGAGACT-0.fastq,2.99973720565
/staging/sn1/tkitapci/Oyster_OsHv/debarcoded_Merged/Plate_0-TGAGGTTC-0.fastq,1.70810847724
/staging/sn1/tkitapci/Oyster_OsHv/debarcoded_Merged/Plate_0-TGAGGTTGC-0.fastq,24.5793100471
/staging/sn1/tkitapci/Oyster_OsHv/debarcoded_Merged/Plate_0-TGAT-0.fastq,38.4339317504
/staging/sn1/tkitapci/Oyster_OsHv/debarcoded_Merged/Plate_0-TGGAGTC-0.fastq,32.9637681711
/staging/sn1/tkitapci/Oyster_OsHv/debarcoded_Merged/Plate_0-TGGAGTGC-0.fastq,15.3313903454
/staging/sn1/tkitapci/Oyster_OsHv/debarcoded_Merged/Plate_0-TGGTATCC-0.fastq,36.2327026295
/staging/sn1/tkitapci/Oyster_OsHv/debarcoded_Merged/Plate_0-TGTAT-0.fastq,22.4819647567
/staging/sn1/tkitapci/Oyster_OsHv/debarcoded_Merged/Plate_0-TTAGC-0.fastq,19.7131339089
/staging/sn1/tkitapci/Oyster_OsHv/debarcoded_Merged/Plate_0-TTAGGCCGC-0.fastq,10.996847292
/staging/sn1/tkitapci/Oyster_OsHv/debarcoded_Merged/Plate_0-TTGTAGC-0.fastq,21.2998758242
/staging/sn1/tkitapci/Oyster_OsHv/debarcoded_Merged/unmatched-1.fastq,158.090654435
/staging/sn1/tkitapci/Oyster_OsHv/debarcoded_Merged/unmatched-2.fastq,292.673924647
/staging/sn1/tkitapci/Oyster_OsHv/debarcoded_Merged/unmatched-3.fastq,65.3894897959
/staging/sn1/tkitapci/Oyster_OsHv/debarcoded_Merged/unmatched-4.fastq,106.242740385
/staging/sn1/tkitapci/Oyster_OsHv/debarcoded_Merged/unmatched-5.fastq,63.6202394035
/staging/sn1/tkitapci/Oyster_OsHv/debarcoded_Merged/unmatched-N.fastq,76.054217033
/staging/sn1/tkitapci/Oyster_OsHv/debarcoded_Merged/Parent_12.fastq,76.395994898
/staging/sn1/tkitapci/Oyster_OsHv/debarcoded_Merged/Parent_19.fastq,58.8699572606
/staging/sn1/tkitapci/Oyster_OsHv/debarcoded_Merged/Parent_52.fastq,31.6954306907
/staging/sn1/tkitapci/Oyster_OsHv/debarcoded_Merged/Parent_58.fastq,33.0410738226
