ApoI002,AACT
ApoI003,GGTC
ApoI004,CAGC
ApoI005,TGAT
ApoI006,ATAC
ApoI007,GCGT
ApoI008,AACAC
ApoI009,CCACT
ApoI010,GGTGC
ApoI011,AATCT
ApoI012,TTAGC
ApoI013,GGCTT
ApoI014,TGTAT
ApoI015,GTGAC
ApoI016,ACCGT
ApoI017,CAATC
ApoI018,TAGGT
ApoI019,AGACC
ApoI020,CTCAT
ApoI021,TCGCC
ApoI022,CGTATC
ApoI023,ATCTGT
ApoI024,GAACCT
ApoI025,ATCGTC
ApoI026,GGATGC
ApoI027,CCTAGT
ApoI028,ATGCCT
ApoI029,TGAACC
ApoI030,GACCTC
ApoI031,CGAGGT
ApoI032,ACGTTC
ApoI033,CACGCT
ApoI034,GTGAGC
ApoI035,TATCGT
ApoI036,AGCTCC
ApoI037,TCAGTT
ApoI038,CAGTCC
ApoI039,AGTGCT
ApoI040,GGCAGT
ApoI041,CTAGCC
ApoI048,TCATGCC
ApoI049,CCATCGC
ApoI050,GTGGATC
ApoI051,TGGAGTC
ApoI052,GTAGCGC
ApoI053,ATCTGCC
ApoI054,TGAACGC
ApoI055,ATTCGTC
ApoI056,TAGAACC
ApoI057,ACTCTGC
ApoI058,GACCTTC
ApoI059,CTGACGC
ApoI060,TGAGACT
ApoI061,ACGCCTC
ApoI062,GGATGTC
ApoI063,TACCTGT
ApoI064,ACTGCCT
ApoI065,TTGTAGC
ApoI066,GCCACCT
ApoI070,GGAACGTC
ApoI071,ATCCTCGC
ApoI072,TATTGTCC
ApoI073,ATCTTGCC
ApoI074,TGGAGTGC
ApoI075,CATGTGGC
ApoI076,CGGAAGTC
ApoI077,GACCTTGC
ApoI078,TGAGGTTC
ApoI079,ACCTCGTC
ApoI080,TGAGACGC
ApoI081,ACTTGTTC
ApoI082,GTGAATGC
ApoI083,ACTCCGCC
ApoI084,GTAGCTGC
ApoI085,CCTCACGC
ApoI086,TGGTATCC
ApoI087,CCTAGGCC
ApoI088,GAGGTTCC
ApoI089,CGGAATCGC
ApoI090,ATTCGCGGC
ApoI091,GGAACGTGC
ApoI092,ATCTTCCGC
ApoI093,TAAGAAGCC
ApoI094,ACTTCCTGC
ApoI095,TGAGAACGC
ApoI096,TTAGGCCGC
ApoI097,CGGACATCC
ApoI098,TGAGGTTGC
ApoI099,GAGAATGCC
ApoI100,ATCTTGTCC
ApoI101,GAGAAGTGC
ApoI102,ATGTCCGGC
ApoI103,CCTCTAGGC
ApoI104,ATCTGCGCC
ApoI105,CCTCACTGC
ApoI106,GAGGTGGCC
